cluster,volume
468,0.0013446206496833396
539,0.013427357442333355
554,0.007629507724633009
598,0.007650889191566653
605,0.008164742544366659
618,0.0052901979517333345
